{
    "train": {
        "MAPE": 0.028458536967690188,
        "R2": 0.9959453031487971,
        "RMSE": 462431.0639136048
    },
    "validation": {
        "MAPE": 0.0329756297368734,
        "R2": 0.9921259087181425,
        "RMSE": 642845.197766047
    }
}